"Response ID","Time Started","Date Submitted","Status","Contact ID","Legacy Comments","Comments","Language","Referer","Extended Referer","SessionID","User Agent","Extended User Agent","Tags","IP Address","Longitude","Latitude","Country","City","State/Region","Postal","Your participant ID:","2. Please indicate your current level of stress:","3. The task was mentally demanding.","4. The task was physically demanding.","5. The pace of the task was hurried.","6. I was successful in accomplishing this dual task.","7. I had to work hard to accomplish my level of performance.","8. I felt insecure, discouraged, irritated, stressed, and annoyed while doing the dual task.","1. When I want to feel more positive emotion (such as joy or amusement), I change what Iâ€™m thinking about.","2. I keep my emotions to myself","3. When I want to feel less negative emotion (such as sadness or anger), I change what Iâ€™m thinking about","4. When I am feeling positive emotions, I am careful not to express them.","5. When Iâ€™m faced with a stressful situation, I make myself think about it in a way that helps me stay calm.","6. I control my emotions by not expressing them.","7. When I want to feel more positive emotion, I change the way Iâ€™m thinking about the situation.","8. I control my emotions by changing the way I think about the situation Iâ€™m in.","9. When I am feeling negative emotions, I make sure not to express them.","10. When I want to feel less negative emotion, I change the way Iâ€™m thinking about the situation.","1. Is talkative","2. Tends to find fault with others","3. Does a thorough job","4. Is depressed, blue","5. Is original, comes up with new ideas","6. Is reserved","7. Is helpful and unselfish with others","8. Can be somewhat careless","9. Is relaxed, handles stress well","10. Is curious about many different things","11. Is full of energy","12. Starts quarrels with others","13. Is a reliable worker","14. Can be tense","15. Is ingenious, a deep thinker","16. Generates a lot of enthusiasm","17. Has a forgiving nature","18. Tends to be disorganized","19. Worries a lot","20. Has an active imagination","21. Tends to be quiet","22. Is generally trusting","23. Tends to be lazy","24. Is emotionally stable, not easily upset","25. Is inventive","26. Has an assertive personality","27. Can be cold and aloof","28. Perseveres until the task is finished","29. Can be moody","30. Values artistic, aesthetic experiences","31. Is sometimes shy, inhibited","32. Is considerate and kind to almost everyone","33. Does things efficiently","34. Remains calm in tense situations","35. Prefers work that is routine","36. Is outgoing, sociable","37. Is sometimes rude to others","38. Makes plans and follows through with them","39. Gets nervous easily","40. Likes to reflect, play with ideas","41. Has few artistic interests","42. Likes to cooperate with others","43. Is easily distracted","44. Is sophisticated in art, music, or literature"
"14","Jun 13, 2018 1:27:04 pm","Jun 13, 2018 1:30:39 pm","Complete","","","","English","https://www.surveygizmo.com/s3/4388082/Office-Stress-Questionnaire-Set-2?subj=T006","https://www.surveygizmo.com/s3/4388082/Office-Stress-Questionnaire-Set-2?subj=T006","1528910777_5b2153b90f3c63.60535608","Mozilla/5.0 (Windows NT 10.0; Win64; x64) AppleWebKit/537.36 (KHTML, like Gecko) Chrome/67.0.3396.87","Mozilla/5.0 (Windows NT 10.0; Win64; x64) AppleWebKit/537.36 (KHTML, like Gecko) Chrome/67.0.3396.87 Safari/537.36","","129.7.106.83","-95.434196472168","29.833999633789","United States","Houston","TX","77204","T006","2","2","1","3","6","2","5","6","6","6","4","5","6","6","8","5","5","2","2","4","1","4","4","4","2","","5","3","1","4","2","4","2","4","2","4","5","5","5","4","5","4","3","3","4","2","5","5","4","4","4","4","2","3","5","4","4","2","4","4","3"
"15","Jun 15, 2018 3:38:27 pm","Jun 15, 2018 3:41:51 pm","Complete","","","","English","https://www.surveygizmo.com/s3/4388082/Office-Stress-Questionnaire-Set-2?subj=T076","https://www.surveygizmo.com/s3/4388082/Office-Stress-Questionnaire-Set-2?subj=T076","1529091477_5b241595c0ea37.05661817","Mozilla/5.0 (Windows NT 10.0; Win64; x64) AppleWebKit/537.36 (KHTML, like Gecko) Chrome/67.0.3396.87","Mozilla/5.0 (Windows NT 10.0; Win64; x64) AppleWebKit/537.36 (KHTML, like Gecko) Chrome/67.0.3396.87 Safari/537.36","","128.194.142.236","-95.662696838379","29.83270072937","United States","Houston","TX","77084","T076","6","7","7","7","5","7","7","7","7","5","3","3","6","5","5","6","5","1","3","4","4","2","5","5","2","","4","3","2","5","4","4","5","5","2","4","2","5","5","2","3","2","4","4","5","5","5","5","5","5","5","5","3","4","5","5","5","2","4","4","1"
"16","Jun 15, 2018 6:16:38 pm","Jun 15, 2018 6:19:44 pm","Complete","","","","English","https://www.surveygizmo.com/s3/4388082/Office-Stress-Questionnaire-Set-2?subj=T136","https://www.surveygizmo.com/s3/4388082/Office-Stress-Questionnaire-Set-2?subj=T136","1529100969_5b243aa9351e09.46681172","Mozilla/5.0 (Windows NT 10.0; Win64; x64) AppleWebKit/537.36 (KHTML, like Gecko) Chrome/67.0.3396.87","Mozilla/5.0 (Windows NT 10.0; Win64; x64) AppleWebKit/537.36 (KHTML, like Gecko) Chrome/67.0.3396.87 Safari/537.36","","128.195.50.245","-117.76940155029","33.640300750732","United States","Irvine","CA","92697","T136","5","7","6","6","5","6","5","4","7","2","4","3","6","5","3","5","3","2","2","5","5","3","5","5","3","","4","1","3","5","5","4","2","5","4","5","3","5","4","4","1","4","1","4","5","5","3","5","5","4","1","4","1","2","4","4","4","4","4","4","4"
"17","Jun 18, 2018 1:55:00 pm","Jun 18, 2018 1:58:44 pm","Complete","","","","English","https://www.surveygizmo.com/s3/4388082/Office-Stress-Questionnaire-Set-2?subj=T016","https://www.surveygizmo.com/s3/4388082/Office-Stress-Questionnaire-Set-2?subj=T016","1529344444_5b27f1bc248712.09805279","Mozilla/5.0 (Windows NT 10.0; Win64; x64) AppleWebKit/537.36 (KHTML, like Gecko) Chrome/67.0.3396.87","Mozilla/5.0 (Windows NT 10.0; Win64; x64) AppleWebKit/537.36 (KHTML, like Gecko) Chrome/67.0.3396.87 Safari/537.36","","129.7.106.83","-95.434196472168","29.833999633789","United States","Houston","TX","77204","T016","3","3","6","5","5","6","6","5","6","6","3","3","6","7","5","6","7","3","4","2","3","1","4","3","4","","4","4","1","3","4","4","4","4","2","2","3","4","4","4","4","2","1","1","4","2","4","4","4","4","4","5","2","2","2","4","4","4","3","5","4"
"18","Jun 18, 2018 3:29:17 pm","Jun 18, 2018 3:32:31 pm","Complete","","","","English","https://www.surveygizmo.com/s3/4388082/Office-Stress-Questionnaire-Set-2?subj=T106","https://www.surveygizmo.com/s3/4388082/Office-Stress-Questionnaire-Set-2?subj=T106","1529350124_5b2807ec994849.18923482","Mozilla/5.0 (Windows NT 10.0; Win64; x64) AppleWebKit/537.36 (KHTML, like Gecko) Chrome/67.0.3396.87","Mozilla/5.0 (Windows NT 10.0; Win64; x64) AppleWebKit/537.36 (KHTML, like Gecko) Chrome/67.0.3396.87 Safari/537.36","","128.194.142.236","-95.662696838379","29.83270072937","United States","Houston","TX","77084","T106","2","5","2","5","3","3","2","6","5","6","2","5","3","5","5","2","5","5","2","5","1","4","3","5","4","","5","4","1","5","4","4","5","4","1","3","3","2","4","3","4","4","4","1","5","1","4","2","5","5","4","3","5","2","5","2","4","3","5","3","2"
"19","Jun 19, 2018 12:48:31 pm","Jun 19, 2018 12:52:02 pm","Complete","","","","English","https://www.surveygizmo.com/s3/4388082/Office-Stress-Questionnaire-Set-2?subj=T062","https://www.surveygizmo.com/s3/4388082/Office-Stress-Questionnaire-Set-2?subj=T062","1529426863_5b2933afcfc624.15668796","Mozilla/5.0 (Windows NT 10.0; Win64; x64) AppleWebKit/537.36 (KHTML, like Gecko) Chrome/67.0.3396.87","Mozilla/5.0 (Windows NT 10.0; Win64; x64) AppleWebKit/537.36 (KHTML, like Gecko) Chrome/67.0.3396.87 Safari/537.36","","128.194.142.236","-95.662696838379","29.83270072937","United States","Houston","TX","77084","T062","5","5","5","4","6","5","4","4","3","4","3","4","3","3","4","2","4","4","3","4","2","3","3","3","3","","4","3","2","4","3","3","4","4","3","3","3","3","4","3","3","3","2","2","3","4","3","3","3","3","2","3","3","2","4","3","3","3","3","3","2"
"20","Jun 19, 2018 5:37:06 pm","Jun 19, 2018 5:39:45 pm","Complete","","","","English","https://www.surveygizmo.com/s3/4388082/Office-Stress-Questionnaire-Set-2?subj=T091","https://www.surveygizmo.com/s3/4388082/Office-Stress-Questionnaire-Set-2?subj=T091","1529444197_5b29776597e5c5.95755349","Mozilla/5.0 (Windows NT 10.0; Win64; x64) AppleWebKit/537.36 (KHTML, like Gecko) Chrome/67.0.3396.87","Mozilla/5.0 (Windows NT 10.0; Win64; x64) AppleWebKit/537.36 (KHTML, like Gecko) Chrome/67.0.3396.87 Safari/537.36","","128.194.142.236","-95.662696838379","29.83270072937","United States","Houston","TX","77084","T091","2","2","2","2","7","2","2","5","3","5","2","5","3","6","5","3","3","2","2","4","2","3","4","4","4","","4","4","2","5","4","3","3","4","4","4","2","5","5","4","4","4","4","2","5","4","3","4","4","5","5","4","2","2","4","3","3","4","4","2","2"
"21","Jun 19, 2018 5:58:36 pm","Jun 19, 2018 6:07:07 pm","Complete","","","","English","https://www.surveygizmo.com/s3/4388082/Office-Stress-Questionnaire-Set-2?subj=T167","https://www.surveygizmo.com/s3/4388082/Office-Stress-Questionnaire-Set-2?subj=T167","1529445420_5b297c2c73aa00.22654664","Mozilla/5.0 (Windows NT 10.0; Win64; x64) AppleWebKit/537.36 (KHTML, like Gecko) Chrome/67.0.3396.87","Mozilla/5.0 (Windows NT 10.0; Win64; x64) AppleWebKit/537.36 (KHTML, like Gecko) Chrome/67.0.3396.87 Safari/537.36","","128.195.50.245","-117.76940155029","33.640300750732","United States","Irvine","CA","92697","T167","3","6","2","5","6","6","4","5","3","5","2","6","5","6","7","3","6","5","4","5","4","5","4","5","2","","5","4","1","5","4","4","5","4","3","3","5","2","4","4","4","5","5","4","5","4","4","4","5","4","5","1","5","2","5","4","5","2","5","4","5"
"22","Jun 21, 2018 2:54:23 pm","Jun 21, 2018 2:58:52 pm","Complete","","","","English","https://www.surveygizmo.com/s3/4388082/Office-Stress-Questionnaire-Set-2?subj=T093","https://www.surveygizmo.com/s3/4388082/Office-Stress-Questionnaire-Set-2?subj=T093","1529607216_5b2bf43034cde1.91102968","Mozilla/5.0 (Windows NT 10.0; Win64; x64) AppleWebKit/537.36 (KHTML, like Gecko) Chrome/67.0.3396.87","Mozilla/5.0 (Windows NT 10.0; Win64; x64) AppleWebKit/537.36 (KHTML, like Gecko) Chrome/67.0.3396.87 Safari/537.36","","128.194.142.236","-95.662696838379","29.83270072937","United States","Houston","TX","77084","T093","2","5","3","4","3","5","2","6","2","5","1","5","2","5","7","2","6","4","3","4","1","5","1","4","2","","5","4","2","4","4","5","4","3","4","3","5","1","4","2","4","5","5","3","2","4","5","1","3","5","3","1","5","4","4","1","5","1","4","4","4"
"23","Jun 21, 2018 5:59:29 pm","Jun 21, 2018 6:03:33 pm","Complete","","","","English","https://www.surveygizmo.com/s3/4388082/Office-Stress-Questionnaire-Set-2?subj=T061","https://www.surveygizmo.com/s3/4388082/Office-Stress-Questionnaire-Set-2?subj=T061","1529618316_5b2c1f8cebb004.73931381","Mozilla/5.0 (Windows NT 10.0; Win64; x64) AppleWebKit/537.36 (KHTML, like Gecko) Chrome/67.0.3396.87","Mozilla/5.0 (Windows NT 10.0; Win64; x64) AppleWebKit/537.36 (KHTML, like Gecko) Chrome/67.0.3396.87 Safari/537.36","","128.194.142.236","-95.662696838379","29.83270072937","United States","Houston","TX","77084","T061","5","5","3","4","7","5","2","7","1","7","2","8","2","1","2","1","6","5","4","4","3","4","2","4","5","","5","5","3","4","4","5","5","4","4","4","5","1","5","5","2","5","5","4","4","4","4","1","4","4","2","4","5","4","4","4","4","3","5","5","2"
"24","Jun 22, 2018 1:44:43 pm","Jun 22, 2018 1:47:31 pm","Complete","","","","English","https://www.surveygizmo.com/s3/4388082/Office-Stress-Questionnaire-Set-2?subj=T003","https://www.surveygizmo.com/s3/4388082/Office-Stress-Questionnaire-Set-2?subj=T003","1529689442_5b2d35620c1d96.47402925","Mozilla/5.0 (Windows NT 10.0; Win64; x64) AppleWebKit/537.36 (KHTML, like Gecko) Chrome/67.0.3396.87","Mozilla/5.0 (Windows NT 10.0; Win64; x64) AppleWebKit/537.36 (KHTML, like Gecko) Chrome/67.0.3396.87 Safari/537.36","","129.7.106.83","-95.434196472168","29.833999633789","United States","Houston","TX","77204","T003","3","6","5","6","5","6","5","6","2","6","2","5","2","6","8","6","6","5","4","5","2","4","2","5","4","","5","4","1","5","4","5","5","5","1","4","4","1","5","2","4","4","4","2","5","4","4","1","5","5","4","4","5","2","5","4","5","2","5","4","4"
"25","Jun 22, 2018 3:22:45 pm","Jun 22, 2018 3:25:26 pm","Complete","","","","English","https://www.surveygizmo.com/s3/4388082/Office-Stress-Questionnaire-Set-2?subj=T108","https://www.surveygizmo.com/s3/4388082/Office-Stress-Questionnaire-Set-2?subj=T108","1529695336_5b2d4c6873a9b9.54181352","Mozilla/5.0 (Windows NT 10.0; Win64; x64) AppleWebKit/537.36 (KHTML, like Gecko) Chrome/67.0.3396.87","Mozilla/5.0 (Windows NT 10.0; Win64; x64) AppleWebKit/537.36 (KHTML, like Gecko) Chrome/67.0.3396.87 Safari/537.36","","128.194.142.236","-96.321701049805","30.61310005188","United States","College Station","TX","77840","T108","1","5","1","4","7","4","3","6","6","6","2","5","5","6","5","5","6","3","2","4","1","3","3","5","2","","3","3","1","5","4","4","2","4","1","4","3","3","5","1","3","2","4","2","5","2","3","4","5","5","2","4","3","3","5","1","3","1","4","1","1"
"26","Jun 22, 2018 5:59:59 pm","Jun 22, 2018 6:02:51 pm","Complete","","","","English","https://www.surveygizmo.com/s3/4388082/Office-Stress-Questionnaire-Set-2?subj=T138","https://www.surveygizmo.com/s3/4388082/Office-Stress-Questionnaire-Set-2?subj=T138","1529704755_5b2d7133337391.03811842","Mozilla/5.0 (Windows NT 10.0; Win64; x64) AppleWebKit/537.36 (KHTML, like Gecko) Chrome/67.0.3396.87","Mozilla/5.0 (Windows NT 10.0; Win64; x64) AppleWebKit/537.36 (KHTML, like Gecko) Chrome/67.0.3396.87 Safari/537.36","","128.195.50.245","-117.76940155029","33.640300750732","United States","Irvine","CA","92697","T138","5","5","1","5","5","4","2","5","5","4","3","3","3","4","3","4","3","3","4","3","1","2","4","3","4","","5","4","2","4","2","4","3","4","4","2","3","4","4","5","4","2","4","4","3","4","5","4","3","2","4","3","2","3","4","2","3","2","3","4","3"
"27","Jun 25, 2018 2:50:41 pm","Jun 25, 2018 2:53:12 pm","Complete","","","","English","https://www.surveygizmo.com/s3/4388082/Office-Stress-Questionnaire-Set-2?subj=T151","https://www.surveygizmo.com/s3/4388082/Office-Stress-Questionnaire-Set-2?subj=T151","1529952616_5b313968947c17.36474530","Mozilla/5.0 (Windows NT 10.0; Win64; x64) AppleWebKit/537.36 (KHTML, like Gecko) Chrome/67.0.3396.87","Mozilla/5.0 (Windows NT 10.0; Win64; x64) AppleWebKit/537.36 (KHTML, like Gecko) Chrome/67.0.3396.87 Safari/537.36","","128.195.50.245","-117.76940155029","33.640300750732","United States","Irvine","CA","92697","T151","3","5","5","3","6","6","5","7","7","7","5","5","5","6","7","1","7","2","4","5","2","5","5","5","5","","5","4","1","4","4","3","3","5","3","3","5","5","3","3","4","3","3","4","4","4","5","4","3","3","4","5","1","3","3","4","4","3","4","5","3"
"28","Jun 25, 2018 3:10:16 pm","Jun 25, 2018 3:17:03 pm","Complete","","","","English","https://www.surveygizmo.com/s3/4388082/Office-Stress-Questionnaire-Set-2?subj=T092","https://www.surveygizmo.com/s3/4388082/Office-Stress-Questionnaire-Set-2?subj=T092","1529953746_5b313dd230d712.25660778","Mozilla/5.0 (Windows NT 10.0; Win64; x64) AppleWebKit/537.36 (KHTML, like Gecko) Chrome/67.0.3396.87","Mozilla/5.0 (Windows NT 10.0; Win64; x64) AppleWebKit/537.36 (KHTML, like Gecko) Chrome/67.0.3396.87 Safari/537.36","","128.194.142.236","-96.321701049805","30.61310005188","United States","College Station","TX","77840","T092","5","5","3","3","5","5","2","5","5","5","2","5","3","5","5","5","5","4","1","5","1","5","4","5","1","","5","4","1","5","1","3","4","4","1","2","5","4","4","1","5","5","4","1","5","1","5","4","5","5","4","3","4","2","5","4","5","1","5","2","5"
"29","Jun 25, 2018 5:43:41 pm","Jun 25, 2018 5:47:19 pm","Complete","","","","English","https://www.surveygizmo.com/s3/4388082/Office-Stress-Questionnaire-Set-2?subj=T122","https://www.surveygizmo.com/s3/4388082/Office-Stress-Questionnaire-Set-2?subj=T122","1529962982_5b3161e6711867.24298400","Mozilla/5.0 (Windows NT 10.0; Win64; x64) AppleWebKit/537.36 (KHTML, like Gecko) Chrome/67.0.3396.87","Mozilla/5.0 (Windows NT 10.0; Win64; x64) AppleWebKit/537.36 (KHTML, like Gecko) Chrome/67.0.3396.87 Safari/537.36","","128.195.50.245","-117.76940155029","33.640300750732","United States","Irvine","CA","92697","T122","2","5","5","6","3","6","5","6","1","6","1","6","2","6","8","2","5","5","4","3","4","5","2","5","5","","5","5","4","5","5","4","5","4","5","5","5","1","5","4","1","3","5","3","4","5","4","3","5","4","4","1","5","4","5","5","5","4","5","5","4"
"30","Jun 25, 2018 8:22:50 pm","Jun 25, 2018 8:28:24 pm","Complete","","","","English","https://www.surveygizmo.com/s3/4388082/Office-Stress-Questionnaire-Set-2?subj=T121","https://www.surveygizmo.com/s3/4388082/Office-Stress-Questionnaire-Set-2?subj=T121","1529972508_5b31871c439e76.98333746","Mozilla/5.0 (Windows NT 10.0; Win64; x64) AppleWebKit/537.36 (KHTML, like Gecko) Chrome/67.0.3396.87","Mozilla/5.0 (Windows NT 10.0; Win64; x64) AppleWebKit/537.36 (KHTML, like Gecko) Chrome/67.0.3396.87 Safari/537.36","","128.195.50.245","-117.76940155029","33.640300750732","United States","Irvine","CA","92697","T121","6","7","6","7","7","7","5","6","4","2","1","5","2","7","7","5","7","3","5","4","2","5","2","5","5","","5","5","2","4","4","5","4","5","5","4","5","3","5","3","1","4","1","5","4","5","5","5","5","4","3","4","3","2","2","5","5","1","5","5","5"
"31","Jun 26, 2018 2:58:35 pm","Jun 26, 2018 3:02:29 pm","Complete","","","","English","https://www.surveygizmo.com/s3/4388082/Office-Stress-Questionnaire-Set-2?subj=T153","https://www.surveygizmo.com/s3/4388082/Office-Stress-Questionnaire-Set-2?subj=T153","1530039465_5b328ca9a3d8d2.69400457","Mozilla/5.0 (Windows NT 10.0; Win64; x64) AppleWebKit/537.36 (KHTML, like Gecko) Chrome/67.0.3396.87","Mozilla/5.0 (Windows NT 10.0; Win64; x64) AppleWebKit/537.36 (KHTML, like Gecko) Chrome/67.0.3396.87 Safari/537.36","","128.195.50.245","-117.76940155029","33.640300750732","United States","Irvine","CA","92697","T153","5","2","2","7","1","6","4","7","6","6","7","7","5","7","7","5","6","5","5","4","4","4","2","5","4","","5","5","1","5","4","5","5","5","3","4","5","1","5","4","5","3","4","1","5","4","3","4","5","5","5","5","4","4","5","5","5","2","4","5","4"
"32","Jun 26, 2018 5:53:42 pm","Jun 26, 2018 5:57:12 pm","Complete","","","","English","https://www.surveygizmo.com/s3/4388082/Office-Stress-Questionnaire-Set-2?subj=T078","https://www.surveygizmo.com/s3/4388082/Office-Stress-Questionnaire-Set-2?subj=T078","1530049979_5b32b5bb95ef22.94641251","Mozilla/5.0 (Windows NT 10.0; Win64; x64) AppleWebKit/537.36 (KHTML, like Gecko) Chrome/67.0.3396.87","Mozilla/5.0 (Windows NT 10.0; Win64; x64) AppleWebKit/537.36 (KHTML, like Gecko) Chrome/67.0.3396.87 Safari/537.36","","128.194.142.236","-96.321701049805","30.61310005188","United States","College Station","TX","77840","T078","4","4","3","6","2","3","4","5","7","5","1","3","7","5","5","6","5","5","4","3","1","5","5","5","4","","5","5","2","5","2","4","4","3","4","5","5","4","4","3","4","4","4","4","2","3","4","4","5","2","4","2","4","3","4","2","4","2","4","5","4"
"33","Jun 27, 2018 3:16:44 pm","Jun 27, 2018 3:23:25 pm","Complete","","","","English","https://www.surveygizmo.com/s3/4388082/Office-Stress-Questionnaire-Set-2?subj=T077","https://www.surveygizmo.com/s3/4388082/Office-Stress-Questionnaire-Set-2?subj=T077","1530126939_5b33e25b6bf418.35787926","Mozilla/5.0 (Windows NT 10.0; Win64; x64) AppleWebKit/537.36 (KHTML, like Gecko) Chrome/67.0.3396.87","Mozilla/5.0 (Windows NT 10.0; Win64; x64) AppleWebKit/537.36 (KHTML, like Gecko) Chrome/67.0.3396.87 Safari/537.36","","128.194.142.236","-96.321701049805","30.61310005188","United States","College Station","TX","77840","T077","2","6","2","7","5","5","5","6","6","6","1","7","6","7","5","4","5","5","2","5","1","5","4","4","2","","5","3","2","5","4","5","4","3","1","4","5","2","4","1","3","2","4","1","5","2","5","1","4","5","4","5","5","2","5","2","5","1","4","2","5"
"34","Jun 27, 2018 4:26:41 pm","Jun 27, 2018 4:31:24 pm","Complete","","","","English","https://www.surveygizmo.com/s3/4388082/Office-Stress-Questionnaire-Set-2?subj=T005","https://www.surveygizmo.com/s3/4388082/Office-Stress-Questionnaire-Set-2?subj=T005","1530131148_5b33f2cca822a3.36884007","Mozilla/5.0 (Windows NT 10.0; Win64; x64) AppleWebKit/537.36 (KHTML, like Gecko) Chrome/67.0.3396.99","Mozilla/5.0 (Windows NT 10.0; Win64; x64) AppleWebKit/537.36 (KHTML, like Gecko) Chrome/67.0.3396.99 Safari/537.36","","129.7.106.83","-95.434196472168","29.833999633789","United States","Houston","TX","77204","T005","5","6","2","7","5","5","4","6","2","5","1","7","2","5","3","3","5","5","3","5","1","4","1","5","4","","4","5","1","5","5","4","5","4","4","5","5","2","4","2","2","4","4","4","5","4","5","4","5","4","4","4","5","4","4","4","5","1","5","5","4"
"35","Jun 27, 2018 5:55:28 pm","Jun 27, 2018 5:59:09 pm","Complete","","","","English","https://www.surveygizmo.com/s3/4388082/Office-Stress-Questionnaire-Set-2?subj=T063","https://www.surveygizmo.com/s3/4388082/Office-Stress-Questionnaire-Set-2?subj=T063","1530136480_5b3407a05479a0.61679628","Mozilla/5.0 (Windows NT 10.0; Win64; x64) AppleWebKit/537.36 (KHTML, like Gecko) Chrome/67.0.3396.87","Mozilla/5.0 (Windows NT 10.0; Win64; x64) AppleWebKit/537.36 (KHTML, like Gecko) Chrome/67.0.3396.87 Safari/537.36","","128.194.142.236","-96.321701049805","30.61310005188","United States","College Station","TX","77840","T063","2","6","1","7","6","6","5","5","3","5","2","4","3","6","8","3","5","5","1","5","1","4","2","5","2","","5","5","1","5","2","4","5","5","4","2","5","2","4","2","5","4","4","1","5","2","5","2","5","5","4","3","5","2","4","2","5","1","5","4","4"
"36","Jun 28, 2018 12:54:30 pm","Jun 28, 2018 12:57:55 pm","Complete","","","","English","https://www.surveygizmo.com/s3/4388082/Office-Stress-Questionnaire-Set-2?subj=T107","https://www.surveygizmo.com/s3/4388082/Office-Stress-Questionnaire-Set-2?subj=T107","1530204831_5b35129f1d4d42.25419554","Mozilla/5.0 (Windows NT 10.0; Win64; x64) AppleWebKit/537.36 (KHTML, like Gecko) Chrome/67.0.3396.87","Mozilla/5.0 (Windows NT 10.0; Win64; x64) AppleWebKit/537.36 (KHTML, like Gecko) Chrome/67.0.3396.87 Safari/537.36","","128.194.142.236","-96.321701049805","30.61310005188","United States","College Station","TX","77840","T107","1","5","2","5","2","5","2","4","6","4","4","7","5","4","7","5","5","4","2","4","3","3","2","4","2","","5","4","1","4","2","4","4","4","1","2","4","2","4","5","5","3","4","4","4","2","5","3","4","5","5","3","5","4","4","2","3","4","4","5","4"
"37","Jun 28, 2018 2:58:32 pm","Jun 28, 2018 3:01:46 pm","Complete","","","","English","https://www.surveygizmo.com/s3/4388082/Office-Stress-Questionnaire-Set-2?subj=T166","https://www.surveygizmo.com/s3/4388082/Office-Stress-Questionnaire-Set-2?subj=T166","1530212275_5b352fb3d64b36.06160875","Mozilla/5.0 (Windows NT 10.0; Win64; x64) AppleWebKit/537.36 (KHTML, like Gecko) Chrome/67.0.3396.99","Mozilla/5.0 (Windows NT 10.0; Win64; x64) AppleWebKit/537.36 (KHTML, like Gecko) Chrome/67.0.3396.99 Safari/537.36","","128.195.50.245","-117.76940155029","33.640300750732","United States","Irvine","CA","92697","T166","5","3","3","5","2","5","6","5","1","3","1","3","1","4","2","1","3","5","1","5","4","5","2","5","5","","5","5","1","5","5","3","5","5","5","5","5","1","5","4","2","5","4","1","5","4","5","1","5","5","5","1","5","1","2","3","4","1","5","5","4"
"38","Jun 28, 2018 3:36:18 pm","Jun 28, 2018 3:39:39 pm","Complete","","","","English","https://www.surveygizmo.com/s3/4388082/Office-Stress-Questionnaire-Set-2?subj=T094","https://www.surveygizmo.com/s3/4388082/Office-Stress-Questionnaire-Set-2?subj=T094","1530214551_5b3538978c85b2.25925983","Mozilla/5.0 (Windows NT 10.0; Win64; x64) AppleWebKit/537.36 (KHTML, like Gecko) Chrome/67.0.3396.87","Mozilla/5.0 (Windows NT 10.0; Win64; x64) AppleWebKit/537.36 (KHTML, like Gecko) Chrome/67.0.3396.87 Safari/537.36","","128.194.142.236","-96.321701049805","30.61310005188","United States","College Station","TX","77840","T094","1","5","2","2","5","6","1","5","5","6","4","5","5","6","8","4","5","4","3","4","1","4","5","3","2","","4","3","1","5","4","5","4","4","4","4","5","4","5","5","5","5","4","3","4","4","3","2","4","4","4","2","2","2","2","2","4","4","4","2","2"
"39","Jun 28, 2018 5:41:10 pm","Jun 28, 2018 5:45:51 pm","Complete","","","","English","https://www.surveygizmo.com/s3/4388082/Office-Stress-Questionnaire-Set-2?subj=T109","https://www.surveygizmo.com/s3/4388082/Office-Stress-Questionnaire-Set-2?subj=T109","1530222027_5b3555cb293ce0.82675421","Mozilla/5.0 (Windows NT 10.0; Win64; x64) AppleWebKit/537.36 (KHTML, like Gecko) Chrome/67.0.3396.87","Mozilla/5.0 (Windows NT 10.0; Win64; x64) AppleWebKit/537.36 (KHTML, like Gecko) Chrome/67.0.3396.87 Safari/537.36","","128.194.142.236","-96.321701049805","30.61310005188","United States","College Station","TX","77840","T109","3","3","2","5","2","5","5","3","3","3","2","5","2","3","3","3","3","5","4","5","2","4","3","4","3","","5","4","2","5","4","4","3","4","4","4","3","3","4","3","3","2","2","3","5","4","4","4","3","4","2","4","4","4","4","4","4","2","4","2","4"
"40","Jun 28, 2018 8:14:19 pm","Jun 28, 2018 8:23:07 pm","Complete","","","","English","https://www.surveygizmo.com/s3/4388082/Office-Stress-Questionnaire-Set-2?subj=T156","https://www.surveygizmo.com/s3/4388082/Office-Stress-Questionnaire-Set-2?subj=T156","1530231179_5b35798be67f14.85420627","Mozilla/5.0 (Windows NT 10.0; Win64; x64) AppleWebKit/537.36 (KHTML, like Gecko) Chrome/67.0.3396.99","Mozilla/5.0 (Windows NT 10.0; Win64; x64) AppleWebKit/537.36 (KHTML, like Gecko) Chrome/67.0.3396.99 Safari/537.36","","128.195.50.245","-117.76940155029","33.640300750732","United States","Irvine","CA","92697","T156","3","5","1","5","3","6","5","7","2","5","2","6","2","6","5","3","6","3","3","2","2","3","3","5","5","","5","4","4","4","5","5","4","5","4","4","4","2","4","3","2","3","3","2","3","4","5","3","5","3","4","1","3","3","3","4","5","1","4","5","1"
"41","Jun 29, 2018 3:26:56 pm","Jun 29, 2018 3:31:48 pm","Complete","","","","English","https://www.surveygizmo.com/s3/4388082/Office-Stress-Questionnaire-Set-2?subj=T079","https://www.surveygizmo.com/s3/4388082/Office-Stress-Questionnaire-Set-2?subj=T079","1530300355_5b3687c30217d9.66791176","Mozilla/5.0 (Windows NT 10.0; Win64; x64) AppleWebKit/537.36 (KHTML, like Gecko) Chrome/67.0.3396.99","Mozilla/5.0 (Windows NT 10.0; Win64; x64) AppleWebKit/537.36 (KHTML, like Gecko) Chrome/67.0.3396.99 Safari/537.36","","128.194.142.236","-96.283699035645","30.566999435425","United States","College Station","TX","77845","T079","5","5","2","5","6","6","3","7","2","7","1","7","1","7","7","2","7","5","2","5","1","2","2","5","3","","4","4","1","5","4","2","4","5","4","4","4","2","5","4","4","2","3","1","4","4","4","4","5","4","4","5","4","1","5","3","4","2","5","5","2"
"42","Jun 29, 2018 4:12:12 pm","Jun 29, 2018 4:15:01 pm","Complete","","","","English","https://www.surveygizmo.com/s3/4388082/Office-Stress-Questionnaire-Set-2?subj=T009","https://www.surveygizmo.com/s3/4388082/Office-Stress-Questionnaire-Set-2?subj=T009","1530303074_5b369262df2815.07923736","Mozilla/5.0 (Windows NT 10.0; Win64; x64) AppleWebKit/537.36 (KHTML, like Gecko) Chrome/67.0.3396.99","Mozilla/5.0 (Windows NT 10.0; Win64; x64) AppleWebKit/537.36 (KHTML, like Gecko) Chrome/67.0.3396.99 Safari/537.36","","129.7.106.83","-95.434196472168","29.833999633789","United States","Houston","TX","77204","T009","5","5","3","5","3","6","7","6","7","6","1","5","3","5","5","3","5","4","2","5","1","4","4","4","4","","5","4","1","5","4","4","4","4","4","5","5","4","4","2","4","4","5","4","5","4","5","4","5","4","5","3","4","1","4","4","5","3","5","4","4"
"43","Jun 30, 2018 2:47:55 pm","Jun 30, 2018 2:52:34 pm","Complete","","","","English","https://www.surveygizmo.com/s3/4388082/Office-Stress-Questionnaire-Set-2?subj=T139","https://www.surveygizmo.com/s3/4388082/Office-Stress-Questionnaire-Set-2?subj=T139","1530384427_5b37d02b6d0995.40610138","Mozilla/5.0 (Windows NT 10.0; Win64; x64) AppleWebKit/537.36 (KHTML, like Gecko) Chrome/67.0.3396.99","Mozilla/5.0 (Windows NT 10.0; Win64; x64) AppleWebKit/537.36 (KHTML, like Gecko) Chrome/67.0.3396.99 Safari/537.36","","128.195.50.245","-117.76940155029","33.640300750732","United States","Irvine","CA","92697","T139","5","5","1","5","2","5","3","6","5","7","1","6","5","7","8","6","6","4","2","4","1","2","3","5","4","","5","4","1","4","2","4","5","4","4","3","4","2","5","4","4","2","3","1","4","2","4","4","5","3","4","2","5","2","3","4","4","3","5","4","3"
"44","Jul 2, 2018 2:53:54 pm","Jul 2, 2018 2:57:40 pm","Complete","","","","English","https://www.surveygizmo.com/s3/4388082/Office-Stress-Questionnaire-Set-2?subj=T124","https://www.surveygizmo.com/s3/4388082/Office-Stress-Questionnaire-Set-2?subj=T124","1530557597_5b3a749dc02229.84669190","Mozilla/5.0 (Windows NT 10.0; Win64; x64) AppleWebKit/537.36 (KHTML, like Gecko) Chrome/67.0.3396.99","Mozilla/5.0 (Windows NT 10.0; Win64; x64) AppleWebKit/537.36 (KHTML, like Gecko) Chrome/67.0.3396.99 Safari/537.36","","128.195.50.245","-117.76940155029","33.640300750732","United States","Irvine","CA","92697","T124","3","5","2","4","5","5","5","6","7","3","5","4","5","5","5","6","5","1","1","4","3","4","5","4","3","","4","2","1","5","3","4","3","5","4","2","5","5","5","3","4","4","3","3","4","3","4","5","4","4","4","3","2","3","3","5","4","1","5","4","4"
"45","Jul 2, 2018 5:51:12 pm","Jul 2, 2018 5:55:21 pm","Complete","","","","English","https://www.surveygizmo.com/s3/4388082/Office-Stress-Questionnaire-Set-2?subj=T064","https://www.surveygizmo.com/s3/4388082/Office-Stress-Questionnaire-Set-2?subj=T064","1530568221_5b3a9e1dcf3c59.11035753","Mozilla/5.0 (Windows NT 10.0; Win64; x64) AppleWebKit/537.36 (KHTML, like Gecko) Chrome/67.0.3396.99","Mozilla/5.0 (Windows NT 10.0; Win64; x64) AppleWebKit/537.36 (KHTML, like Gecko) Chrome/67.0.3396.99 Safari/537.36","","128.194.142.236","-96.283699035645","30.566999435425","United States","College Station","TX","77845","T064","5","6","4","5","5","5","5","6","3","6","2","3","5","6","8","2","6","4","4","4","1","3","4","5","2","","5","3","2","5","3","4","4","4","4","4","4","2","4","3","4","4","2","2","4","3","5","5","5","4","4","4","2","2","4","4","4","2","4","4","2"
"46","Jul 2, 2018 5:55:05 pm","Jul 2, 2018 5:58:21 pm","Complete","","","","English","https://www.surveygizmo.com/s3/4388082/Office-Stress-Questionnaire-Set-2?subj=T126","https://www.surveygizmo.com/s3/4388082/Office-Stress-Questionnaire-Set-2?subj=T126","1530568476_5b3a9f1c37cb47.83194638","Mozilla/5.0 (Windows NT 10.0; Win64; x64) AppleWebKit/537.36 (KHTML, like Gecko) Chrome/67.0.3396.99","Mozilla/5.0 (Windows NT 10.0; Win64; x64) AppleWebKit/537.36 (KHTML, like Gecko) Chrome/67.0.3396.99 Safari/537.36","","128.195.50.245","-117.76940155029","33.640300750732","United States","Irvine","CA","92697","T126","4","5","4","4","5","4","5","5","7","5","4","6","5","5","5","3","4","5","3","4","4","5","2","4","3","","5","4","3","5","3","4","4","4","1","4","5","3","5","2","3","3","2","3","4","4","4","2","5","4","3","3","5","3","5","4","4","4","4","4","3"
"47","Jul 3, 2018 12:55:39 pm","Jul 3, 2018 12:58:42 pm","Complete","","","","English","https://www.surveygizmo.com/s3/4388082/Office-Stress-Questionnaire-Set-2?subj=T065","https://www.surveygizmo.com/s3/4388082/Office-Stress-Questionnaire-Set-2?subj=T065","1530636908_5b3baa6c939f55.20602000","Mozilla/5.0 (Windows NT 10.0; Win64; x64) AppleWebKit/537.36 (KHTML, like Gecko) Chrome/67.0.3396.99","Mozilla/5.0 (Windows NT 10.0; Win64; x64) AppleWebKit/537.36 (KHTML, like Gecko) Chrome/67.0.3396.99 Safari/537.36","","128.194.142.236","-96.283699035645","30.566999435425","United States","College Station","TX","77845","T065","2","3","2","2","6","6","2","6","5","6","2","5","2","6","8","2","6","4","4","5","4","4","4","4","3","","4","2","2","5","5","4","4","2","1","5","4","2","1","2","2","3","4","2","4","4","4","4","4","4","4","4","3","2","4","3","4","3","4","4","4"
"48","Jul 3, 2018 5:57:42 pm","Jul 3, 2018 6:01:06 pm","Complete","","","","English","https://www.surveygizmo.com/s3/4388082/Office-Stress-Questionnaire-Set-2?subj=T080","https://www.surveygizmo.com/s3/4388082/Office-Stress-Questionnaire-Set-2?subj=T080","1530655034_5b3bf13ae9f399.52405167","Mozilla/5.0 (Windows NT 10.0; Win64; x64) AppleWebKit/537.36 (KHTML, like Gecko) Chrome/67.0.3396.99","Mozilla/5.0 (Windows NT 10.0; Win64; x64) AppleWebKit/537.36 (KHTML, like Gecko) Chrome/67.0.3396.99 Safari/537.36","","128.194.142.236","-96.283699035645","30.566999435425","United States","College Station","TX","77845","T080","1","5","1","6","5","5","1","2","4","2","3","7","2","7","8","4","7","4","4","4","1","5","3","4","3","","5","4","4","5","1","4","3","5","2","1","4","3","4","1","5","4","4","3","4","1","4","4","5","4","5","1","4","4","3","2","5","4","5","4","1"
"49","Jul 6, 2018 2:47:01 pm","Jul 6, 2018 2:50:44 pm","Complete","","","","English","https://www.surveygizmo.com/s3/4388082/Office-Stress-Questionnaire-Set-2?subj=T172","https://www.surveygizmo.com/s3/4388082/Office-Stress-Questionnaire-Set-2?subj=T172","1530902774_5b3fb8f63b72c7.78645572","Mozilla/5.0 (Windows NT 10.0; Win64; x64) AppleWebKit/537.36 (KHTML, like Gecko) Chrome/67.0.3396.99","Mozilla/5.0 (Windows NT 10.0; Win64; x64) AppleWebKit/537.36 (KHTML, like Gecko) Chrome/67.0.3396.99 Safari/537.36","","128.195.50.245","-117.76940155029","33.640300750732","United States","Irvine","CA","92697","T172","3","5","4","6","4","4","3","6","6","6","4","6","4","6","8","6","6","2","3","4","2","3","4","4","4","","4","3","2","4","3","4","3","4","4","4","3","4","5","3","4","3","4","4","3","4","4","4","4","3","3","2","3","3","4","4","4","4","4","4","3"
"50","Jul 6, 2018 5:46:56 pm","Jul 6, 2018 5:49:55 pm","Complete","","","","English","https://www.surveygizmo.com/s3/4388082/Office-Stress-Questionnaire-Set-2?subj=T154","https://www.surveygizmo.com/s3/4388082/Office-Stress-Questionnaire-Set-2?subj=T154","1530913587_5b3fe333bd3707.16439649","Mozilla/5.0 (Windows NT 10.0; Win64; x64) AppleWebKit/537.36 (KHTML, like Gecko) Chrome/67.0.3396.99","Mozilla/5.0 (Windows NT 10.0; Win64; x64) AppleWebKit/537.36 (KHTML, like Gecko) Chrome/67.0.3396.99 Safari/537.36","","128.195.50.245","-117.76940155029","33.640300750732","United States","Irvine","CA","92697","T154","4","4","2","5","5","4","2","4","3","4","1","4","2","6","8","5","6","3","3","4","1","3","4","5","3","","4","4","1","5","3","4","4","5","1","4","4","3","5","2","3","4","2","1","4","3","4","4","5","5","3","4","4","1","4","3","5","3","5","4","3"
"51","Jul 6, 2018 6:09:18 pm","Jul 6, 2018 6:14:44 pm","Complete","","","","English","https://www.surveygizmo.com/s3/4388082/Office-Stress-Questionnaire-Set-2?subj=T110","https://www.surveygizmo.com/s3/4388082/Office-Stress-Questionnaire-Set-2?subj=T110","1530914896_5b3fe850e06e84.81999340","Mozilla/5.0 (Windows NT 10.0; Win64; x64) AppleWebKit/537.36 (KHTML, like Gecko) Chrome/67.0.3396.99","Mozilla/5.0 (Windows NT 10.0; Win64; x64) AppleWebKit/537.36 (KHTML, like Gecko) Chrome/67.0.3396.99 Safari/537.36","","128.194.142.236","-96.283699035645","30.566999435425","United States","College Station","TX","77845","T110","3","6","5","6","5","6","5","6","6","6","4","6","4","5","8","6","7","2","3","3","4","3","5","4","5","","5","3","1","4","4","5","3","4","4","5","5","5","3","5","5","3","2","4","3","1","4","5","5","3","3","4","2","2","3","4","3","2","4","3","1"
"52","Jul 6, 2018 8:08:21 pm","Jul 6, 2018 8:11:47 pm","Complete","","","","English","https://www.surveygizmo.com/s3/4388082/Office-Stress-Questionnaire-Set-2?subj=T140","https://www.surveygizmo.com/s3/4388082/Office-Stress-Questionnaire-Set-2?subj=T140","1530922056_5b400448b507c7.28006589","Mozilla/5.0 (Windows NT 10.0; Win64; x64) AppleWebKit/537.36 (KHTML, like Gecko) Chrome/67.0.3396.99","Mozilla/5.0 (Windows NT 10.0; Win64; x64) AppleWebKit/537.36 (KHTML, like Gecko) Chrome/67.0.3396.99 Safari/537.36","","128.195.50.245","-117.76940155029","33.640300750732","United States","Irvine","CA","92697","T140","1","5","1","2","6","5","1","6","3","6","1","7","1","7","7","1","7","4","3","4","1","3","2","3","2","","5","4","1","4","2","4","4","5","1","2","3","2","4","3","5","3","5","3","4","2","5","2","4","4","5","3","4","2","4","1","4","2","4","2","3"
"53","Jul 7, 2018 5:50:08 pm","Jul 7, 2018 5:53:06 pm","Complete","","","","English","https://www.surveygizmo.com/s3/4388082/Office-Stress-Questionnaire-Set-2?subj=T155","https://www.surveygizmo.com/s3/4388082/Office-Stress-Questionnaire-Set-2?subj=T155","1531000179_5b4135738d4af2.28094704","Mozilla/5.0 (Windows NT 10.0; Win64; x64) AppleWebKit/537.36 (KHTML, like Gecko) Chrome/67.0.3396.99","Mozilla/5.0 (Windows NT 10.0; Win64; x64) AppleWebKit/537.36 (KHTML, like Gecko) Chrome/67.0.3396.99 Safari/537.36","","128.195.50.245","-117.76940155029","33.640300750732","United States","Irvine","CA","92697","T155","5","5","3","3","3","5","5","4","3","3","2","5","3","5","5","3","5","4","4","2","3","2","2","2","4","","4","2","1","2","4","2","3","4","5","4","4","2","4","5","2","3","2","1","2","4","4","2","2","3","2","4","3","4","2","4","4","3","4","4","2"
"54","Jul 7, 2018 8:22:16 pm","Jul 7, 2018 8:27:10 pm","Complete","","","","English","https://www.surveygizmo.com/s3/4388082/Office-Stress-Questionnaire-Set-2?subj=T127","https://www.surveygizmo.com/s3/4388082/Office-Stress-Questionnaire-Set-2?subj=T127","1531009277_5b4158fdc109b1.15323902","Mozilla/5.0 (Windows NT 10.0; Win64; x64) AppleWebKit/537.36 (KHTML, like Gecko) Chrome/67.0.3396.99","Mozilla/5.0 (Windows NT 10.0; Win64; x64) AppleWebKit/537.36 (KHTML, like Gecko) Chrome/67.0.3396.99 Safari/537.36","","128.195.50.245","-117.76940155029","33.640300750732","United States","Irvine","CA","92697","T127","1","5","2","5","6","5","2","6","6","6","5","6","2","5","5","6","6","3","1","4","1","5","4","4","4","","5","3","1","5","3","4","3","3","2","1","5","4","2","3","5","4","2","2","4","2","4","3","4","4","5","4","3","1","4","1","5","4","4","3","4"
"55","Jul 10, 2018 5:55:24 pm","Jul 10, 2018 5:59:15 pm","Complete","","","","English","https://www.surveygizmo.com/s3/4388082/Office-Stress-Questionnaire-Set-2?subj=T141","https://www.surveygizmo.com/s3/4388082/Office-Stress-Questionnaire-Set-2?subj=T141","1531259635_5b452af35dfcf7.98297631","Mozilla/5.0 (Windows NT 10.0; Win64; x64) AppleWebKit/537.36 (KHTML, like Gecko) Chrome/67.0.3396.99","Mozilla/5.0 (Windows NT 10.0; Win64; x64) AppleWebKit/537.36 (KHTML, like Gecko) Chrome/67.0.3396.99 Safari/537.36","","128.195.50.245","-117.76940155029","33.640300750732","United States","Irvine","CA","92697","T141","5","7","4","7","2","5","4","5","6","5","3","6","6","5","5","5","6","3","2","2","1","2","3","4","4","","3","3","1","4","4","3","3","4","2","3","3","3","4","4","5","3","2","2","3","2","4","4","5","3","4","5","5","4","4","4","4","3","5","5","2"
"56","Jul 10, 2018 8:55:24 pm","Jul 10, 2018 8:57:54 pm","Complete","","","","English","https://www.surveygizmo.com/s3/4388082/Office-Stress-Questionnaire-Set-2?subj=T152","https://www.surveygizmo.com/s3/4388082/Office-Stress-Questionnaire-Set-2?subj=T152","1531270500_5b455564084af0.11403113","Mozilla/5.0 (Windows NT 10.0; Win64; x64) AppleWebKit/537.36 (KHTML, like Gecko) Chrome/67.0.3396.99","Mozilla/5.0 (Windows NT 10.0; Win64; x64) AppleWebKit/537.36 (KHTML, like Gecko) Chrome/67.0.3396.99 Safari/537.36","","128.195.50.245","-117.76940155029","33.640300750732","United States","Irvine","CA","92697","T152","1","3","1","2","7","5","1","7","5","7","1","5","6","7","7","5","7","1","4","5","2","5","5","2","4","","5","4","2","5","4","4","4","1","1","5","4","5","1","4","2","4","1","5","4","5","5","5","4","4","5","5","4","4","4","5","2","1","2","4","2"
"57","Jul 11, 2018 6:18:12 pm","Jul 11, 2018 6:21:56 pm","Complete","","","","English","https://www.surveygizmo.com/s3/4388082/Office-Stress-Questionnaire-Set-2?subj=T128","https://www.surveygizmo.com/s3/4388082/Office-Stress-Questionnaire-Set-2?subj=T128","1531347460_5b4682048aa872.70143514","Mozilla/5.0 (Windows NT 10.0; Win64; x64) AppleWebKit/537.36 (KHTML, like Gecko) Chrome/67.0.3396.99","Mozilla/5.0 (Windows NT 10.0; Win64; x64) AppleWebKit/537.36 (KHTML, like Gecko) Chrome/67.0.3396.99 Safari/537.36","","128.195.50.245","-117.76940155029","33.640300750732","United States","Irvine","CA","92697","T128","5","6","6","6","2","6","6","2","6","2","2","5","2","5","5","3","3","1","1","4","1","1","5","4","4","","3","2","1","4","4","4","2","4","2","4","1","5","4","4","4","2","2","1","4","3","4","5","5","4","4","4","4","1","4","5","4","4","4","5","3"
"58","Jul 12, 2018 5:54:59 pm","Jul 12, 2018 5:59:13 pm","Complete","","","","English","https://www.surveygizmo.com/s3/4388082/Office-Stress-Questionnaire-Set-2?subj=T144","https://www.surveygizmo.com/s3/4388082/Office-Stress-Questionnaire-Set-2?subj=T144","1531432457_5b47ce09747121.44692092","Mozilla/5.0 (Windows NT 10.0; Win64; x64) AppleWebKit/537.36 (KHTML, like Gecko) Chrome/67.0.3396.99","Mozilla/5.0 (Windows NT 10.0; Win64; x64) AppleWebKit/537.36 (KHTML, like Gecko) Chrome/67.0.3396.99 Safari/537.36","","128.195.50.245","-117.76940155029","33.640300750732","United States","Irvine","CA","92697","T144","5","6","5","7","2","6","5","7","3","6","1","6","2","6","8","5","6","4","3","4","2","3","3","3","4","","4","3","2","5","3","3","5","5","4","3","3","3","4","3","3","2","2","2","4","4","5","4","4","2","4","4","4","3","4","4","4","2","4","4","1"
"59","Jul 13, 2018 5:49:58 pm","Jul 13, 2018 5:52:31 pm","Complete","","","","English","https://www.surveygizmo.com/s3/4388082/Office-Stress-Questionnaire-Set-2?subj=T095","https://www.surveygizmo.com/s3/4388082/Office-Stress-Questionnaire-Set-2?subj=T095","1531518571_5b491e6b551640.22143757","Mozilla/5.0 (Windows NT 10.0; Win64; x64) AppleWebKit/537.36 (KHTML, like Gecko) Chrome/67.0.3396.99","Mozilla/5.0 (Windows NT 10.0; Win64; x64) AppleWebKit/537.36 (KHTML, like Gecko) Chrome/67.0.3396.99 Safari/537.36","","128.194.142.236","-96.283699035645","30.566999435425","United States","College Station","TX","77845","T095","1","7","1","2","7","6","1","6","1","6","1","7","1","6","8","1","6","5","2","4","1","5","1","5","4","","5","5","1","5","2","5","5","5","2","4","5","1","5","2","3","5","4","2","3","2","5","2","5","4","4","2","5","4","5","3","4","2","5","3","2"
"60","Jul 14, 2018 2:56:49 pm","Jul 14, 2018 2:59:26 pm","Complete","","","","English","https://www.surveygizmo.com/s3/4388082/Office-Stress-Questionnaire-Set-2?subj=T173","https://www.surveygizmo.com/s3/4388082/Office-Stress-Questionnaire-Set-2?subj=T173","1531594586_5b4a475ab285b2.64838803","Mozilla/5.0 (Windows NT 10.0; Win64; x64) AppleWebKit/537.36 (KHTML, like Gecko) Chrome/67.0.3396.99","Mozilla/5.0 (Windows NT 10.0; Win64; x64) AppleWebKit/537.36 (KHTML, like Gecko) Chrome/67.0.3396.99 Safari/537.36","","128.195.50.245","-117.76940155029","33.640300750732","United States","Irvine","CA","92697","T173","4","5","1","5","6","6","5","5","7","7","7","6","7","4","4","7","4","1","4","5","3","4","5","4","5","","5","3","1","5","4","4","2","2","2","4","5","5","4","3","4","3","4","5","5","4","2","5","4","4","3","5","1","4","4","5","5","5","2","4","2"
"61","Jul 17, 2018 12:28:20 pm","Jul 17, 2018 12:32:23 pm","Complete","","","","English","https://www.surveygizmo.com/s3/4388082/Office-Stress-Questionnaire-Set-2?subj=97","https://www.surveygizmo.com/s3/4388082/Office-Stress-Questionnaire-Set-2?subj=97","1531844868_5b4e1904074ee1.85464285","Mozilla/5.0 (Windows NT 10.0; Win64; x64) AppleWebKit/537.36 (KHTML, like Gecko) Chrome/67.0.3396.99","Mozilla/5.0 (Windows NT 10.0; Win64; x64) AppleWebKit/537.36 (KHTML, like Gecko) Chrome/67.0.3396.99 Safari/537.36","","128.194.142.236","-96.283699035645","30.566999435425","United States","College Station","TX","77845","T097","5","7","4","6","5","6","5","6","3","6","3","4","3","5","5","5","5","4","5","5","5","4","4","3","3","","4","2","2","3","4","3","4","4","4","5","5","4","2","3","2","4","4","3","3","5","4","4","3","2","3","4","3","3","2","5","4","2","4","4","4"
"62","Jul 17, 2018 5:55:45 pm","Jul 17, 2018 5:58:53 pm","Complete","","","","English","https://www.surveygizmo.com/s3/4388082/Office-Stress-Questionnaire-Set-2?subj=T112","https://www.surveygizmo.com/s3/4388082/Office-Stress-Questionnaire-Set-2?subj=T112","1531864515_5b4e65c3b11ab3.22944294","Mozilla/5.0 (Windows NT 10.0; Win64; x64) AppleWebKit/537.36 (KHTML, like Gecko) Chrome/67.0.3396.99","Mozilla/5.0 (Windows NT 10.0; Win64; x64) AppleWebKit/537.36 (KHTML, like Gecko) Chrome/67.0.3396.99 Safari/537.36","","128.194.142.236","-96.283699035645","30.566999435425","United States","College Station","TX","77845","T112","4","5","1","2","1","4","6","5","5","7","4","6","3","6","5","3","5","4","3","5","2","3","4","5","3","","5","4","3","5","5","5","4","5","3","5","4","3","5","3","4","3","3","5","5","4","4","5","5","5","2","4","3","2","2","4","5","1","2","4","3"
"63","Jul 17, 2018 5:56:51 pm","Jul 17, 2018 5:59:29 pm","Complete","","","","English","https://www.surveygizmo.com/s3/4388082/Office-Stress-Questionnaire-Set-2?subj=T175","https://www.surveygizmo.com/s3/4388082/Office-Stress-Questionnaire-Set-2?subj=T175","1531864582_5b4e660661a0b9.62260609","Mozilla/5.0 (Windows NT 10.0; Win64; x64) AppleWebKit/537.36 (KHTML, like Gecko) Chrome/67.0.3396.99","Mozilla/5.0 (Windows NT 10.0; Win64; x64) AppleWebKit/537.36 (KHTML, like Gecko) Chrome/67.0.3396.99 Safari/537.36","","128.195.50.245","-117.76940155029","33.640300750732","United States","Irvine","CA","92697","T175","3","1","1","1","5","2","5","6","6","5","5","5","4","5","5","4","4","2","3","4","4","5","4","5","4","","5","3","1","5","3","5","4","5","4","5","5","4","5","4","1","5","2","4","3","5","5","5","5","5","4","4","4","3","4","4","5","3","4","4","4"
"64","Jul 17, 2018 8:18:43 pm","Jul 17, 2018 8:22:13 pm","Complete","","","","English","https://www.surveygizmo.com/s3/4388082/Office-Stress-Questionnaire-Set-2?subj=T-176","https://www.surveygizmo.com/s3/4388082/Office-Stress-Questionnaire-Set-2?subj=T-176","1531873083_5b4e873b0aecc9.49656578","Mozilla/5.0 (Windows NT 10.0; Win64; x64) AppleWebKit/537.36 (KHTML, like Gecko) Chrome/67.0.3396.99","Mozilla/5.0 (Windows NT 10.0; Win64; x64) AppleWebKit/537.36 (KHTML, like Gecko) Chrome/67.0.3396.99 Safari/537.36","","128.195.50.245","-117.76940155029","33.640300750732","United States","Irvine","CA","92697","T176","3","5","2","5","7","6","2","5","2","6","1","5","3","6","8","3","6","5","4","5","1","4","2","4","4","","4","4","2","5","2","4","5","4","2","4","5","1","5","4","5","4","5","1","5","1","4","2","5","5","5","4","5","1","5","2","5","2","5","4","3"
"65","Jul 18, 2018 1:00:54 pm","Jul 18, 2018 1:05:35 pm","Complete","","","","English","https://www.surveygizmo.com/s3/4388082/Office-Stress-Questionnaire-Set-2?subj=T031","https://www.surveygizmo.com/s3/4388082/Office-Stress-Questionnaire-Set-2?subj=T031","1531933206_5b4f7216dd0b24.06303977","Mozilla/5.0 (Windows NT 10.0; Win64; x64) AppleWebKit/537.36 (KHTML, like Gecko) Chrome/67.0.3396.99","Mozilla/5.0 (Windows NT 10.0; Win64; x64) AppleWebKit/537.36 (KHTML, like Gecko) Chrome/67.0.3396.99 Safari/537.36","","129.7.106.83","-95.434196472168","29.833999633789","United States","Houston","TX","77204","T031","5","6","3","3","5","5","3","6","6","6","2","5","5","7","5","3","7","3","3","5","2","4","4","4","2","","5","4","3","5","5","5","4","4","1","4","5","3","5","2","5","4","4","4","5","4","4","4","5","4","2","2","4","2","2","4","5","2","5","2","4"
"66","Jul 18, 2018 3:12:38 pm","Jul 18, 2018 3:16:36 pm","Complete","","","","English","https://www.surveygizmo.com/s3/4388082/Office-Stress-Questionnaire-Set-2?subj=T178","https://www.surveygizmo.com/s3/4388082/Office-Stress-Questionnaire-Set-2?subj=T178","1531941122_5b4f9102b34614.50868509","Mozilla/5.0 (Windows NT 10.0; Win64; x64) AppleWebKit/537.36 (KHTML, like Gecko) Chrome/67.0.3396.99","Mozilla/5.0 (Windows NT 10.0; Win64; x64) AppleWebKit/537.36 (KHTML, like Gecko) Chrome/67.0.3396.99 Safari/537.36","","128.195.50.245","-117.76940155029","33.640300750732","United States","Irvine","CA","92697","T178","2","5","1","4","6","4","2","5","6","5","1","5","5","6","8","5","4","5","4","4","1","2","3","5","3","","4","5","2","5","4","4","5","5","2","4","3","3","5","4","3","1","3","2","5","4","3","2","5","5","5","5","5","1","5","4","5","3","5","4","1"
"67","Jul 18, 2018 3:32:50 pm","Jul 18, 2018 3:35:14 pm","Complete","","","","English","https://www.surveygizmo.com/s3/4388082/Office-Stress-Questionnaire-Set-2?subj=66","https://www.surveygizmo.com/s3/4388082/Office-Stress-Questionnaire-Set-2?subj=66","1531942340_5b4f95c42b7485.18610245","Mozilla/5.0 (Windows NT 10.0; Win64; x64) AppleWebKit/537.36 (KHTML, like Gecko) Chrome/67.0.3396.99","Mozilla/5.0 (Windows NT 10.0; Win64; x64) AppleWebKit/537.36 (KHTML, like Gecko) Chrome/67.0.3396.99 Safari/537.36","","128.194.142.236","-96.283699035645","30.566999435425","United States","College Station","TX","77845","T066","2","5","1","5","5","4","5","6","5","6","3","6","6","6","8","5","6","4","2","3","2","2","4","4","3","","4","3","2","4","3","4","4","5","3","4","3","4","4","3","4","2","4","2","3","4","3","4","4","3","4","4","3","2","3","4","4","4","5","4","2"
"68","Jul 18, 2018 4:17:49 pm","Jul 18, 2018 4:21:05 pm","Complete","","","","English","https://www.surveygizmo.com/s3/4388082/Office-Stress-Questionnaire-Set-2?subj=T032","https://www.surveygizmo.com/s3/4388082/Office-Stress-Questionnaire-Set-2?subj=T032","1531945012_5b4fa034cc34e9.78264708","Mozilla/5.0 (Windows NT 10.0; Win64; x64) AppleWebKit/537.36 (KHTML, like Gecko) Chrome/67.0.3396.99","Mozilla/5.0 (Windows NT 10.0; Win64; x64) AppleWebKit/537.36 (KHTML, like Gecko) Chrome/67.0.3396.99 Safari/537.36","","129.7.106.83","-95.434196472168","29.833999633789","United States","Houston","TX","77204","T032","2","4","2","4","3","3","5","5","6","5","3","5","4","4","5","6","5","5","4","4","2","4","4","4","3","","5","3","1","4","3","3","5","3","2","4","5","2","3","4","5","4","4","2","4","4","3","4","4","4","4","4","4","2","4","3","4","3","4","4","4"
"69","Jul 19, 2018 2:50:53 pm","Jul 19, 2018 2:54:24 pm","Complete","","","","English","https://www.surveygizmo.com/s3/4388082/Office-Stress-Questionnaire-Set-2?subj=T157","https://www.surveygizmo.com/s3/4388082/Office-Stress-Questionnaire-Set-2?subj=T157","1532026219_5b50dd6b32d8e2.21007866","Mozilla/5.0 (Windows NT 10.0; Win64; x64) AppleWebKit/537.36 (KHTML, like Gecko) Chrome/67.0.3396.99","Mozilla/5.0 (Windows NT 10.0; Win64; x64) AppleWebKit/537.36 (KHTML, like Gecko) Chrome/67.0.3396.99 Safari/537.36","","128.195.50.245","-117.76940155029","33.640300750732","United States","Irvine","CA","92697","T157","1","5","1","3","7","7","1","4","2","5","3","7","4","5","8","3","7","4","4","5","2","5","5","5","3","","5","4","3","5","4","5","5","5","1","5","5","5","5","3","4","4","5","3","5","4","5","5","5","5","5","3","5","3","5","2","5","1","5","3","5"
"70","Jul 19, 2018 3:22:07 pm","Jul 19, 2018 3:25:04 pm","Complete","","","","English","https://www.surveygizmo.com/s3/4388082/Office-Stress-Questionnaire-Set-2?subj=T083","https://www.surveygizmo.com/s3/4388082/Office-Stress-Questionnaire-Set-2?subj=T083","1532028101_5b50e4c59ea0f8.78179416","Mozilla/5.0 (Windows NT 10.0; Win64; x64) AppleWebKit/537.36 (KHTML, like Gecko) Chrome/67.0.3396.99","Mozilla/5.0 (Windows NT 10.0; Win64; x64) AppleWebKit/537.36 (KHTML, like Gecko) Chrome/67.0.3396.99 Safari/537.36","","128.194.142.236","-96.283699035645","30.566999435425","United States","College Station","TX","77845","T083","6","7","4","7","3","6","4","5","4","5","2","4","4","5","8","3","5","4","3","4","4","4","3","5","1","","4","5","1","4","5","4","4","4","4","5","5","3","3","3","2","2","3","2","3","4","5","4","5","4","2","4","5","2","5","5","4","2","4","4","5"
"71","Jul 19, 2018 5:58:15 pm","Jul 19, 2018 6:01:16 pm","Complete","","","","English","https://www.surveygizmo.com/s3/4388082/Office-Stress-Questionnaire-Set-2?subj=T158","https://www.surveygizmo.com/s3/4388082/Office-Stress-Questionnaire-Set-2?subj=T158","1532037455_5b51094fad5b81.56652885","Mozilla/5.0 (Windows NT 10.0; Win64; x64) AppleWebKit/537.36 (KHTML, like Gecko) Chrome/67.0.3396.99","Mozilla/5.0 (Windows NT 10.0; Win64; x64) AppleWebKit/537.36 (KHTML, like Gecko) Chrome/67.0.3396.99 Safari/537.36","","128.195.50.245","-117.76940155029","33.640300750732","United States","Irvine","CA","92697","T158","5","3","2","3","5","6","2","3","3","3","3","8","3","3","3","4","3","2","3","5","1","4","4","4","1","","5","3","1","5","4","5","3","4","5","4","3","4","4","3","2","4","1","2","5","4","5","5","5","4","2","5","4","2","5","4","4","1","4","2","5"
"72","Jul 24, 2018 3:38:51 pm","Jul 24, 2018 3:42:58 pm","Complete","","","","English","https://www.surveygizmo.com/s3/4388082/Office-Stress-Questionnaire-Set-2?subj=T084","https://www.surveygizmo.com/s3/4388082/Office-Stress-Questionnaire-Set-2?subj=T084","1532461078_5b578016e621e5.56659349","Mozilla/5.0 (Windows NT 10.0; Win64; x64) AppleWebKit/537.36 (KHTML, like Gecko) Chrome/67.0.3396.99","Mozilla/5.0 (Windows NT 10.0; Win64; x64) AppleWebKit/537.36 (KHTML, like Gecko) Chrome/67.0.3396.99 Safari/537.36","","128.194.142.236","-96.283699035645","30.566999435425","United States","College Station","TX","77845","T084","4","6","5","6","4","6","6","6","6","6","5","4","4","6","4","4","4","4","4","4","3","4","5","5","4","","5","4","4","5","4","5","4","4","4","5","4","5","5","4","3","3","4","4","5","5","5","5","5","5","3","5","4","4","5","4","5","5","5","5","3"
"73","Jul 24, 2018 5:07:10 pm","Jul 24, 2018 5:10:03 pm","Complete","","","","English","https://www.surveygizmo.com/s3/4388082/Office-Stress-Questionnaire-Set-2?subj=T047","https://www.surveygizmo.com/s3/4388082/Office-Stress-Questionnaire-Set-2?subj=T047","1532466407_5b5794e7d73c96.98551718","Mozilla/5.0 (Windows NT 10.0; Win64; x64) AppleWebKit/537.36 (KHTML, like Gecko) Chrome/67.0.3396.99","Mozilla/5.0 (Windows NT 10.0; Win64; x64) AppleWebKit/537.36 (KHTML, like Gecko) Chrome/67.0.3396.99 Safari/537.36","","129.7.106.83","-95.434196472168","29.833999633789","United States","Houston","TX","77204","T047","5","6","6","7","3","5","4","5","3","5","2","5","3","5","5","3","5","5","2","4","1","4","2","4","4","","5","3","1","4","4","4","3","5","4","3","3","2","5","4","4","4","5","4","4","2","4","2","5","4","5","2","4","1","5","3","2","1","4","4","4"
"75","Jul 25, 2018 2:00:56 pm","Jul 25, 2018 2:05:12 pm","Complete","","","","English","https://www.surveygizmo.com/s3/4388082/Office-Stress-Questionnaire-Set-2?subj=T035","https://www.surveygizmo.com/s3/4388082/Office-Stress-Questionnaire-Set-2?subj=T035","1532541599_5b58ba9f86fdd3.17803577","Mozilla/5.0 (Windows NT 10.0; Win64; x64) AppleWebKit/537.36 (KHTML, like Gecko) Chrome/67.0.3396.99","Mozilla/5.0 (Windows NT 10.0; Win64; x64) AppleWebKit/537.36 (KHTML, like Gecko) Chrome/67.0.3396.99 Safari/537.36","","129.7.106.83","-95.434196472168","29.833999633789","United States","Houston","TX","77204","T035","3","3","2","5","5","3","4","5","5","5","2","5","5","5","5","5","5","4","3","3","4","4","2","3","3","","4","2","2","3","3","5","3","4","3","4","3","2","3","4","3","3","4","2","3","3","4","2","4","2","3","2","4","2","3","4","4","3","4","4","3"
"76","Jul 25, 2018 5:56:12 pm","Jul 25, 2018 6:02:45 pm","Complete","","","","English","https://www.surveygizmo.com/s3/4388082/Office-Stress-Questionnaire-Set-2?subj=T098","https://www.surveygizmo.com/s3/4388082/Office-Stress-Questionnaire-Set-2?subj=T098","1532555699_5b58f1b386f657.08861451","Mozilla/5.0 (Windows NT 10.0; Win64; x64) AppleWebKit/537.36 (KHTML, like Gecko) Chrome/67.0.3396.99","Mozilla/5.0 (Windows NT 10.0; Win64; x64) AppleWebKit/537.36 (KHTML, like Gecko) Chrome/67.0.3396.99 Safari/537.36","","128.194.142.236","-96.283699035645","30.566999435425","United States","College Station","TX","77845","T098","6","7","2","7","5","7","6","5","2","3","5","3","5","5","2","5","3","2","1","5","4","4","4","5","5","","5","5","1","5","5","1","4","5","4","4","4","4","5","4","4","2","2","4","4","2","4","5","5","4","2","4","2","2","4","5","1","2","4","2","1"
"77","Jul 26, 2018 4:12:28 pm","Jul 26, 2018 4:18:38 pm","Complete","","","","English","https://www.surveygizmo.com/s3/4388082/Office-Stress-Questionnaire-Set-2?subj=T011","https://www.surveygizmo.com/s3/4388082/Office-Stress-Questionnaire-Set-2?subj=T011","1532635895_5b5a2af7f1a397.69536993","Mozilla/5.0 (Windows NT 10.0; Win64; x64) AppleWebKit/537.36 (KHTML, like Gecko) Chrome/67.0.3396.99","Mozilla/5.0 (Windows NT 10.0; Win64; x64) AppleWebKit/537.36 (KHTML, like Gecko) Chrome/67.0.3396.99 Safari/537.36","","129.7.106.80","-95.434196472168","29.833999633789","United States","Houston","TX","77204","T011","3","5","2","5","5","5","2","7","5","7","1","5","2","7","8","6","6","2","1","5","1","4","5","5","1","","4","4","1","5","4","5","5","5","1","4","4","5","5","1","4","4","3","1","5","2","4","5","5","5","4","4","4","1","5","5","4","2","5","2","4"
"78","Jul 27, 2018 3:07:23 pm","Jul 27, 2018 3:11:38 pm","Complete","","","","English","https://www.surveygizmo.com/s3/4388082/Office-Stress-Questionnaire-Set-2?subj=T130","https://www.surveygizmo.com/s3/4388082/Office-Stress-Questionnaire-Set-2?subj=T130","1532718381_5b5b6d2d59b9c5.00840040","Mozilla/5.0 (Windows NT 10.0; Win64; x64) AppleWebKit/537.36 (KHTML, like Gecko) Chrome/67.0.3396.99","Mozilla/5.0 (Windows NT 10.0; Win64; x64) AppleWebKit/537.36 (KHTML, like Gecko) Chrome/67.0.3396.99 Safari/537.36","","128.195.50.245","-117.76940155029","33.640300750732","United States","Irvine","CA","92697","T130","2","6","5","4","5","6","2","5","5","5","1","6","4","6","8","5","6","4","4","4","4","5","3","5","5","","5","4","2","2","4","5","4","5","5","5","5","2","4","4","2","4","4","3","4","5","5","3","3","4","4","1","4","3","3","3","5","1","3","5","4"
"79","Jul 27, 2018 4:19:31 pm","Jul 27, 2018 4:24:45 pm","Complete","","","","English","https://www.surveygizmo.com/s3/4388082/Office-Stress-Questionnaire-Set-2?subj=T046","https://www.surveygizmo.com/s3/4388082/Office-Stress-Questionnaire-Set-2?subj=T046","1532722721_5b5b7e21915a02.71490486","Mozilla/5.0 (Windows NT 10.0; Win64; x64) AppleWebKit/537.36 (KHTML, like Gecko) Chrome/67.0.3396.99","Mozilla/5.0 (Windows NT 10.0; Win64; x64) AppleWebKit/537.36 (KHTML, like Gecko) Chrome/67.0.3396.99 Safari/537.36","","129.7.106.80","-95.434196472168","29.833999633789","United States","Houston","TX","77204","T046","5","7","4","6","3","5","7","5","7","6","2","5","7","1","2","2","5","1","5","3","2","1","5","3","5","","4","2","3","2","4","4","1","5","5","5","3","5","5","3","5","3","5","5","5","4","2","4","4","3","5","2","4","5","4","5","5","5","5","4","2"
"81","Aug 1, 2018 1:24:17 pm","Aug 1, 2018 1:28:22 pm","Complete","","","","English","https://www.surveygizmo.com/s3/4388082/Office-Stress-Questionnaire-Set-2?subj=T019","https://www.surveygizmo.com/s3/4388082/Office-Stress-Questionnaire-Set-2?subj=T019","1533144221_5b61ec9d85c8c0.41932956","Mozilla/5.0 (Windows NT 10.0; Win64; x64) AppleWebKit/537.36 (KHTML, like Gecko) Chrome/67.0.3396.99","Mozilla/5.0 (Windows NT 10.0; Win64; x64) AppleWebKit/537.36 (KHTML, like Gecko) Chrome/67.0.3396.99 Safari/537.36","","129.7.106.80","-95.434196472168","29.833999633789","United States","Houston","TX","77204","T019","5","5","3","6","2","5","5","3","6","4","2","4","4","5","4","4","4","3","4","4","4","3","5","5","1","","3","3","2","4","3","5","2","3","2","5","3","4","2","2","3","3","3","1","5","4","4","4","5","3","2","5","3","1","5","5","3","4","4","2","1"
"82","Aug 1, 2018 2:52:10 pm","Aug 1, 2018 2:54:43 pm","Complete","","","","English","https://www.surveygizmo.com/s3/4388082/Office-Stress-Questionnaire-Set-2?subj=T132","https://www.surveygizmo.com/s3/4388082/Office-Stress-Questionnaire-Set-2?subj=T132","1533149502_5b62013e5355f2.41956934","Mozilla/5.0 (Windows NT 10.0; Win64; x64) AppleWebKit/537.36 (KHTML, like Gecko) Chrome/67.0.3396.99","Mozilla/5.0 (Windows NT 10.0; Win64; x64) AppleWebKit/537.36 (KHTML, like Gecko) Chrome/67.0.3396.99 Safari/537.36","","128.195.50.245","-117.76940155029","33.640300750732","United States","Irvine","CA","92697","T132","5","6","2","6","5","5","5","5","6","5","5","5","6","5","5","3","5","4","5","5","5","4","3","3","3","","4","3","1","5","5","4","3","3","2","4","3","3","2","1","2","3","4","4","4","4","5","2","3","5","3","3","2","2","4","3","4","2","3","3","3"
"83","Aug 1, 2018 5:52:15 pm","Aug 1, 2018 5:54:58 pm","Complete","","","","English","https://www.surveygizmo.com/s3/4388082/Office-Stress-Questionnaire-Set-2?subj=T145","https://www.surveygizmo.com/s3/4388082/Office-Stress-Questionnaire-Set-2?subj=T145","1533160311_5b622b77c26ba7.70724918","Mozilla/5.0 (Windows NT 10.0; Win64; x64) AppleWebKit/537.36 (KHTML, like Gecko) Chrome/67.0.3396.99","Mozilla/5.0 (Windows NT 10.0; Win64; x64) AppleWebKit/537.36 (KHTML, like Gecko) Chrome/67.0.3396.99 Safari/537.36","","128.195.50.245","-117.76940155029","33.640300750732","United States","Irvine","CA","92697","T145","4","6","1","6","5","6","4","4","3","3","1","7","3","6","8","2","6","5","4","4","3","4","2","4","4","","5","5","2","4","5","4","4","5","1","4","5","3","3","4","4","4","4","5","5","5","5","4","4","4","4","3","3","3","4","4","4","1","5","3","3"
"84","Aug 3, 2018 5:00:54 pm","Aug 3, 2018 5:04:29 pm","Complete","","","","English","https://www.surveygizmo.com/s3/4388082/Office-Stress-Questionnaire-Set-2?subj=T021","https://www.surveygizmo.com/s3/4388082/Office-Stress-Questionnaire-Set-2?subj=T021","1533330017_5b64c261a2a7a1.84843778","Mozilla/5.0 (Windows NT 10.0; Win64; x64) AppleWebKit/537.36 (KHTML, like Gecko) Chrome/67.0.3396.99","Mozilla/5.0 (Windows NT 10.0; Win64; x64) AppleWebKit/537.36 (KHTML, like Gecko) Chrome/67.0.3396.99 Safari/537.36","","129.7.106.80","-95.434196472168","29.833999633789","United States","Houston","TX","77204","T021","2","3","3","5","6","3","2","4","5","4","2","3","2","5","4","2","4","5","3","4","1","4","3","3","2","","4","2","3","4","4","4","2","4","5","4","4","2","4","5","2","3","5","4","2","4","5","3","4","4","4","4","4","4","4","2","4","4","4","5","3"
"85","Aug 3, 2018 6:13:15 pm","Aug 3, 2018 6:17:11 pm","Complete","","","","English","https://www.surveygizmo.com/s3/4388082/Office-Stress-Questionnaire-Set-2?subj=T146","https://www.surveygizmo.com/s3/4388082/Office-Stress-Questionnaire-Set-2?subj=T146","1533334351_5b64d34f0854f7.91682324","Mozilla/5.0 (Windows NT 10.0; Win64; x64) AppleWebKit/537.36 (KHTML, like Gecko) Chrome/67.0.3396.99","Mozilla/5.0 (Windows NT 10.0; Win64; x64) AppleWebKit/537.36 (KHTML, like Gecko) Chrome/67.0.3396.99 Safari/537.36","","128.195.50.245","-117.76940155029","33.640300750732","United States","Irvine","CA","92697","T146","5","6","4","6","3","5","4","6","5","6","1","6","4","6","5","4","4","4","2","4","1","3","3","4","3","","4","4","1","4","2","3","4","4","3","3","5","4","4","3","3","4","3","2","4","1","4","4","5","4","2","4","4","3","4","3","3","5","4","3","4"
"86","Aug 6, 2018 1:15:31 pm","Aug 6, 2018 1:19:34 pm","Complete","","","","English","https://www.surveygizmo.com/s3/4388082/Office-Stress-Questionnaire-Set-2?subj=T051","https://www.surveygizmo.com/s3/4388082/Office-Stress-Questionnaire-Set-2?subj=T051","1533575688_5b688208a966c1.89847207","Mozilla/5.0 (Windows NT 10.0; Win64; x64) AppleWebKit/537.36 (KHTML, like Gecko) Chrome/67.0.3396.99","Mozilla/5.0 (Windows NT 10.0; Win64; x64) AppleWebKit/537.36 (KHTML, like Gecko) Chrome/67.0.3396.99 Safari/537.36","","129.7.106.80","-95.434196472168","29.833999633789","United States","Houston","TX","77204","T051","3","3","2","5","7","5","2","5","6","5","3","7","6","5","7","4","6","5","4","5","4","4","4","5","4","","5","4","2","5","4","5","5","5","5","4","4","3","5","4","4","4","5","3","5","4","5","4","5","5","5","5","5","4","5","4","5","2","5","4","5"
"87","Aug 6, 2018 8:22:46 pm","Aug 6, 2018 8:26:01 pm","Complete","","","","English","https://www.surveygizmo.com/s3/4388082/Office-Stress-Questionnaire-Set-2?subj=T180","https://www.surveygizmo.com/s3/4388082/Office-Stress-Questionnaire-Set-2?subj=T180","1533601333_5b68e63560a728.25720664","Mozilla/5.0 (Windows NT 10.0; Win64; x64) AppleWebKit/537.36 (KHTML, like Gecko) Chrome/67.0.3396.99","Mozilla/5.0 (Windows NT 10.0; Win64; x64) AppleWebKit/537.36 (KHTML, like Gecko) Chrome/67.0.3396.99 Safari/537.36","","128.195.50.245","-117.76940155029","33.640300750732","United States","Irvine","CA","92697","T180","4","6","1","4","4","6","3","6","7","7","5","7","6","7","7","7","7","3","1","4","2","4","4","5","5","","3","4","2","5","3","5","5","4","1","5","4","3","5","3","5","2","3","2","4","2","3","4","5","5","4","4","4","1","4","2","4","4","5","4","1"
"88","Aug 8, 2018 1:17:29 pm","Aug 8, 2018 1:20:28 pm","Complete","","","","English","https://www.surveygizmo.com/s3/4388082/Office-Stress-Questionnaire-Set-2?subj=T037","https://www.surveygizmo.com/s3/4388082/Office-Stress-Questionnaire-Set-2?subj=T037","1533748615_5b6b2587437a48.77487595","Mozilla/5.0 (Windows NT 10.0; Win64; x64) AppleWebKit/537.36 (KHTML, like Gecko) Chrome/67.0.3396.99","Mozilla/5.0 (Windows NT 10.0; Win64; x64) AppleWebKit/537.36 (KHTML, like Gecko) Chrome/67.0.3396.99 Safari/537.36","","129.7.106.80","-95.434196472168","29.833999633789","United States","Houston","TX","77204","T037","2","5","2","3","6","5","5","6","3","6","2","6","2","6","8","3","6","3","2","4","1","3","3","5","2","","4","4","3","4","2","4","3","4","1","2","2","3","4","2","4","3","4","4","4","4","2","3","4","4","2","4","4","4","4","4","3","5","5","4","1"
"89","Aug 9, 2018 1:04:40 pm","Aug 9, 2018 1:09:33 pm","Complete","","","","English","https://www.surveygizmo.com/s3/4388082/Office-Stress-Questionnaire-Set-2?subj=T023","https://www.surveygizmo.com/s3/4388082/Office-Stress-Questionnaire-Set-2?subj=T023","1533834142_5b6c739ed87726.45900655","Mozilla/5.0 (Windows NT 10.0; Win64; x64) AppleWebKit/537.36 (KHTML, like Gecko) Chrome/67.0.3396.99","Mozilla/5.0 (Windows NT 10.0; Win64; x64) AppleWebKit/537.36 (KHTML, like Gecko) Chrome/67.0.3396.99 Safari/537.36","","129.7.106.80","-95.434196472168","29.833999633789","United States","Houston","TX","77204","T023","3","5","2","5","4","5","3","6","5","5","2","5","4","6","8","4","5","4","3","5","1","4","3","5","3","","5","4","1","5","4","5","5","4","1","4","4","3","5","1","4","2","3","3","5","4","5","4","5","5","5","4","5","1","5","3","4","2","5","4","5"
"90","Aug 13, 2018 12:55:51 pm","Aug 13, 2018 12:59:04 pm","Complete","","","","English","https://www.surveygizmo.com/s3/4388082/Office-Stress-Questionnaire-Set-2?subj=T162","https://www.surveygizmo.com/s3/4388082/Office-Stress-Questionnaire-Set-2?subj=T162","1534179308_5b71b7ec837880.18908448","Mozilla/5.0 (Windows NT 10.0; Win64; x64) AppleWebKit/537.36 (KHTML, like Gecko) Chrome/68.0.3440.10","Mozilla/5.0 (Windows NT 10.0; Win64; x64) AppleWebKit/537.36 (KHTML, like Gecko) Chrome/68.0.3440.106 Safari/537.36","","128.195.50.245","-117.76940155029","33.640300750732","United States","Irvine","CA","92697","T162","1","1","6","1","7","4","5","7","7","1","1","4","4","1","1","7","7","1","4","5","3","4","5","4","5","","5","1","1","5","5","3","3","4","2","5","5","5","3","4","1","3","3","4","4","3","4","4","3","5","2","4","1","1","5","5","4","1","5","4","3"
"91","Aug 14, 2018 2:52:02 pm","Aug 14, 2018 2:56:09 pm","Complete","","","","English","https://www.surveygizmo.com/s3/4388082/Office-Stress-Questionnaire-Set-2?subj=T171","https://www.surveygizmo.com/s3/4388082/Office-Stress-Questionnaire-Set-2?subj=T171","1534272673_5b7324a1b77070.26314702","Mozilla/5.0 (Windows NT 10.0; Win64; x64) AppleWebKit/537.36 (KHTML, like Gecko) Chrome/68.0.3440.10","Mozilla/5.0 (Windows NT 10.0; Win64; x64) AppleWebKit/537.36 (KHTML, like Gecko) Chrome/68.0.3440.106 Safari/537.36","","128.195.50.245","-117.76940155029","33.640300750732","United States","Irvine","CA","92697","T171","6","7","6","5","5","7","7","7","5","7","5","7","4","7","5","6","7","4","4","5","3","5","4","5","5","","5","4","3","4","5","5","4","3","1","1","5","4","4","2","4","5","3","5","5","4","5","4","5","5","4","4","4","3","4","4","5","5","4","3","3"
"92","Aug 22, 2018 6:01:26 pm","Aug 22, 2018 6:04:49 pm","Complete","","","","English","https://www.surveygizmo.com/s3/4388082/Office-Stress-Questionnaire-Set-2?subj=T133","https://www.surveygizmo.com/s3/4388082/Office-Stress-Questionnaire-Set-2?subj=T133","1534975255_5b7ddd17716b75.95109865","Mozilla/5.0 (Windows NT 10.0; Win64; x64) AppleWebKit/537.36 (KHTML, like Gecko) Chrome/68.0.3440.10","Mozilla/5.0 (Windows NT 10.0; Win64; x64) AppleWebKit/537.36 (KHTML, like Gecko) Chrome/68.0.3440.106 Safari/537.36","","128.195.50.245","-97.821998596191","37.750999450684","United States","","","","T133","3","6","2","7","5","7","5","1","7","5","3","6","4","5","5","6","6","1","1","4","1","4","5","5","4","","4","3","1","5","5","4","3","5","2","4","4","5","5","3","3","4","3","1","4","2","4","4","5","4","3","4","2","1","4","4","5","4","5","5","1"
"93","Aug 29, 2018 12:57:05 pm","Aug 29, 2018 12:59:53 pm","Complete","","","","English","https://www.surveygizmo.com/s3/4388082/Office-Stress-Questionnaire-Set-2?subj=T174","https://www.surveygizmo.com/s3/4388082/Office-Stress-Questionnaire-Set-2?subj=T174","1535561797_5b86d0455ab2c5.43602268","Mozilla/5.0 (Windows NT 10.0; Win64; x64) AppleWebKit/537.36 (KHTML, like Gecko) Chrome/68.0.3440.10","Mozilla/5.0 (Windows NT 10.0; Win64; x64) AppleWebKit/537.36 (KHTML, like Gecko) Chrome/68.0.3440.106 Safari/537.36","","128.195.50.245","-117.76940155029","33.640300750732","United States","Irvine","CA","92697","T174","2","2","1","1","6","3","2","6","7","5","3","6","6","6","5","7","5","2","1","4","2","4","4","4","4","","4","3","1","4","4","5","3","4","2","4","3","4","4","2","4","3","2","2","2","4","4","4","5","4","4","4","3","1","4","2","3","3","4","2","2"
"94","Sep 4, 2018 3:14:04 pm","Sep 4, 2018 3:17:29 pm","Complete","","","","English","https://www.surveygizmo.com/s3/4388082/Office-Stress-Questionnaire-Set-2?subj=T113","https://www.surveygizmo.com/s3/4388082/Office-Stress-Questionnaire-Set-2?subj=T113","1536088410_5b8ed95a4f11b0.09968527","Mozilla/5.0 (Windows NT 10.0; Win64; x64) AppleWebKit/537.36 (KHTML, like Gecko) Chrome/68.0.3440.10","Mozilla/5.0 (Windows NT 10.0; Win64; x64) AppleWebKit/537.36 (KHTML, like Gecko) Chrome/68.0.3440.106 Safari/537.36","","128.194.142.236","-96.488700866699","30.691299438477","United States","Bryan","TX","77807","T113","1","5","2","5","6","5","2","5","5","5","3","8","2","3","5","5","5","4","1","4","4","5","4","4","4","","5","5","1","5","4","2","4","5","4","5","4","2","2","4","2","4","3","1","4","4","5","4","5","2","3","4","4","3","2","4","4","3","4","2","5"
"95","Sep 4, 2018 4:35:43 pm","Sep 4, 2018 4:38:12 pm","Complete","","","","English","https://www.surveygizmo.com/s3/4388082/Office-Stress-Questionnaire-Set-2?subj=T041","https://www.surveygizmo.com/s3/4388082/Office-Stress-Questionnaire-Set-2?subj=T041","1536093299_5b8eec7323a5c8.13650410","Mozilla/5.0 (Windows NT 10.0; Win64; x64) AppleWebKit/537.36 (KHTML, like Gecko) Chrome/69.0.3497.81","Mozilla/5.0 (Windows NT 10.0; Win64; x64) AppleWebKit/537.36 (KHTML, like Gecko) Chrome/69.0.3497.81 Safari/537.36","","129.7.106.80","-95.434196472168","29.833999633789","United States","Houston","TX","77204","T041","2","5","1","3","7","2","1","6","2","6","2","6","2","6","8","3","6","5","1","4","2","5","4","4","2","","5","5","1","5","4","5","5","5","4","5","4","2","5","4","3","1","2","1","5","5","5","4","5","5","5","5","5","2","5","5","5","5","5","5","2"
"96","Sep 4, 2018 5:49:52 pm","Sep 4, 2018 5:53:49 pm","Complete","","","","English","https://www.surveygizmo.com/s3/4388082/Office-Stress-Questionnaire-Set-2?subj=T099","https://www.surveygizmo.com/s3/4388082/Office-Stress-Questionnaire-Set-2?subj=T099","1536097757_5b8efddd44d329.19115289","Mozilla/5.0 (Windows NT 10.0; Win64; x64) AppleWebKit/537.36 (KHTML, like Gecko) Chrome/68.0.3440.10","Mozilla/5.0 (Windows NT 10.0; Win64; x64) AppleWebKit/537.36 (KHTML, like Gecko) Chrome/68.0.3440.106 Safari/537.36","","128.194.142.236","-96.488700866699","30.691299438477","United States","Bryan","TX","77807","T099","5","6","2","7","2","5","5","6","3","6","1","6","2","6","8","2","6","3","4","4","1","4","4","4","4","","5","2","2","4","2","2","4","5","2","4","5","4","5","4","3","4","1","2","5","4","4","4","4","4","4","4","4","1","4","2","5","2","4","4","4"
"97","Sep 5, 2018 12:22:13 pm","Sep 5, 2018 12:25:27 pm","Complete","","","","English","https://www.surveygizmo.com/s3/4388082/Office-Stress-Questionnaire-Set-2?subj=T100","https://www.surveygizmo.com/s3/4388082/Office-Stress-Questionnaire-Set-2?subj=T100","1536164501_5b900295e832a2.71402908","Mozilla/5.0 (Windows NT 10.0; Win64; x64) AppleWebKit/537.36 (KHTML, like Gecko) Chrome/68.0.3440.10","Mozilla/5.0 (Windows NT 10.0; Win64; x64) AppleWebKit/537.36 (KHTML, like Gecko) Chrome/68.0.3440.106 Safari/537.36","","128.194.142.236","-96.488700866699","30.691299438477","United States","Bryan","TX","77807","T100","2","2","1","2","7","5","5","7","2","7","1","6","1","7","8","2","6","4","4","5","4","5","1","4","4","","4","3","2","5","4","4","3","2","1","4","4","1","5","2","2","3","5","3","4","5","5","2","5","5","3","5","4","4","4","3","4","1","5","5","5"
"98","Sep 5, 2018 3:13:52 pm","Sep 5, 2018 3:16:50 pm","Complete","","","","English","https://www.surveygizmo.com/s3/4388082/Office-Stress-Questionnaire-Set-2?subj=T114","https://www.surveygizmo.com/s3/4388082/Office-Stress-Questionnaire-Set-2?subj=T114","1536174808_5b902ad8e28929.41838710","Mozilla/5.0 (Windows NT 10.0; Win64; x64) AppleWebKit/537.36 (KHTML, like Gecko) Chrome/68.0.3440.10","Mozilla/5.0 (Windows NT 10.0; Win64; x64) AppleWebKit/537.36 (KHTML, like Gecko) Chrome/68.0.3440.106 Safari/537.36","","128.194.142.236","-96.488700866699","30.691299438477","United States","Bryan","TX","77807","T114","5","6","2","6","6","5","5","5","3","5","2","4","2","4","2","2","3","4","3","5","1","4","2","3","4","","5","5","2","5","4","5","3","4","1","4","4","5","5","2","2","4","1","1","4","4","5","4","4","5","1","5","4","4","5","2","4","1","4","3","4"
"99","Sep 5, 2018 5:51:52 pm","Sep 5, 2018 5:54:30 pm","Complete","","","","English","https://www.surveygizmo.com/s3/4388082/Office-Stress-Questionnaire-Set-2?subj=T068","https://www.surveygizmo.com/s3/4388082/Office-Stress-Questionnaire-Set-2?subj=T068","1536184283_5b904fdb7633c3.06911176","Mozilla/5.0 (Windows NT 10.0; Win64; x64) AppleWebKit/537.36 (KHTML, like Gecko) Chrome/68.0.3440.10","Mozilla/5.0 (Windows NT 10.0; Win64; x64) AppleWebKit/537.36 (KHTML, like Gecko) Chrome/68.0.3440.106 Safari/537.36","","128.194.142.236","-96.488700866699","30.691299438477","United States","Bryan","TX","77807","T068","6","7","5","7","5","7","6","5","2","6","1","5","1","5","5","1","5","5","2","4","2","4","3","4","4","","5","4","2","4","4","5","4","5","4","5","5","4","5","4","2","4","4","2","5","5","4","4","5","4","2","2","4","3","4","5","4","4","5","5","1"
"100","Sep 6, 2018 3:16:03 pm","Sep 6, 2018 3:19:39 pm","Complete","","","","English","https://www.surveygizmo.com/s3/4388082/Office-Stress-Questionnaire-Set-2?subj=T085","https://www.surveygizmo.com/s3/4388082/Office-Stress-Questionnaire-Set-2?subj=T085","1536261338_5b917cda0da132.09358896","Mozilla/5.0 (Windows NT 10.0; Win64; x64) AppleWebKit/537.36 (KHTML, like Gecko) Chrome/68.0.3440.10","Mozilla/5.0 (Windows NT 10.0; Win64; x64) AppleWebKit/537.36 (KHTML, like Gecko) Chrome/68.0.3440.106 Safari/537.36","","128.194.142.236","-96.488700866699","30.691299438477","United States","Bryan","TX","77807","T085","2","3","3","3","6","4","2","3","5","4","3","3","4","4","4","4","4","4","3","4","3","4","3","4","3","","5","4","3","4","4","4","4","4","2","3","5","3","4","4","3","4","3","2","4","4","4","3","4","4","4","3","3","4","4","4","4","4","4","3","4"
"101","Sep 7, 2018 4:21:16 pm","Sep 7, 2018 4:24:34 pm","Complete","","","","English","https://www.surveygizmo.com/s3/4388082/Office-Stress-Questionnaire-Set-2?subj=T115","https://www.surveygizmo.com/s3/4388082/Office-Stress-Questionnaire-Set-2?subj=T115","1536351646_5b92dd9eeb5238.44234573","Mozilla/5.0 (Windows NT 10.0; Win64; x64) AppleWebKit/537.36 (KHTML, like Gecko) Chrome/68.0.3440.10","Mozilla/5.0 (Windows NT 10.0; Win64; x64) AppleWebKit/537.36 (KHTML, like Gecko) Chrome/68.0.3440.106 Safari/537.36","","128.194.142.236","-96.488700866699","30.691299438477","United States","Bryan","TX","77807","T115","1","5","1","5","6","4","1","5","6","5","2","7","3","7","5","3","6","4","1","5","1","5","2","5","3","5","5","5","1","5","4","3","4","4","4","2","4","2","5","1","4","3","3","1","5","2","5","3","5","5","5","1","4","1","5","1","4","1","5","4","2"
"102","Sep 7, 2018 5:49:05 pm","Sep 7, 2018 5:51:51 pm","Complete","","","","English","https://www.surveygizmo.com/s3/4388082/Office-Stress-Questionnaire-Set-2?subj=T200","https://www.surveygizmo.com/s3/4388082/Office-Stress-Questionnaire-Set-2?subj=T200","1536356916_5b92f2347048f3.46316293","Mozilla/5.0 (Windows NT 10.0; Win64; x64) AppleWebKit/537.36 (KHTML, like Gecko) Chrome/68.0.3440.10","Mozilla/5.0 (Windows NT 10.0; Win64; x64) AppleWebKit/537.36 (KHTML, like Gecko) Chrome/68.0.3440.106 Safari/537.36","","128.195.50.245","-117.76940155029","33.640300750732","United States","Irvine","CA","92697","T200","4","7","2","5","6","7","5","5","5","4","2","3","4","4","5","3","4","4","4","4","3","5","3","4","4","3","5","4","3","4","4","4","4","3","3","4","5","4","5","4","3","4","3","3","3","4","5","4","5","4","3","4","4","2","4","5","5","1","4","5","5"
"103","Sep 7, 2018 6:52:48 pm","Sep 7, 2018 6:58:55 pm","Complete","","","","English","https://www.surveygizmo.com/s3/4388082/Office-Stress-Questionnaire-Set-2?subj=T116","https://www.surveygizmo.com/s3/4388082/Office-Stress-Questionnaire-Set-2?subj=T116","1536360717_5b93010de33121.38434962","Mozilla/5.0 (Windows NT 10.0; Win64; x64) AppleWebKit/537.36 (KHTML, like Gecko) Chrome/68.0.3440.10","Mozilla/5.0 (Windows NT 10.0; Win64; x64) AppleWebKit/537.36 (KHTML, like Gecko) Chrome/68.0.3440.106 Safari/537.36","","128.194.142.236","-96.488700866699","30.691299438477","United States","Bryan","TX","77807","T116","1","5","1","2","6","3","5","6","6","6","3","7","4","5","5","3","5","2","4","5","1","5","5","5","4","5","5","4","1","5","4","4","4","2","4","4","5","4","5","3","5","4","4","3","4","1","5","4","5","4","5","2","4","1","3","2","4","2","5","4","4"
"104","Sep 7, 2018 8:24:17 pm","Sep 7, 2018 8:28:38 pm","Complete","","","","English","https://www.surveygizmo.com/s3/4388082/Office-Stress-Questionnaire-Set-2?subj=T198","https://www.surveygizmo.com/s3/4388082/Office-Stress-Questionnaire-Set-2?subj=T198","1536366218_5b93168a2fc298.26823174","Mozilla/5.0 (Windows NT 10.0; Win64; x64) AppleWebKit/537.36 (KHTML, like Gecko) Chrome/68.0.3440.10","Mozilla/5.0 (Windows NT 10.0; Win64; x64) AppleWebKit/537.36 (KHTML, like Gecko) Chrome/68.0.3440.106 Safari/537.36","","128.195.50.245","-117.76940155029","33.640300750732","United States","Irvine","CA","92697","T198","4","5","4","5","1","5","3","6","7","6","5","5","6","6","8","6","5","2","2","3","2","4","4","3","4","1","4","2","2","4","4","2","2","4","4","4","4","4","4","3","2","2","4","4","4","4","4","4","4","4","2","4","2","3","4","4","2","4","4","5","1"
